назва;стан;білки_г;жири_г;вуглеводи_г;клітковина_г;цукри_г;натрій_мг;source;спирт_г
Яловичина лопатка;сире;17.16;19.41;0;0;0;68;usda:169493;
Яловичина вирізка;сире;21.72;6.67;0;0;0;44;usda:173988;
Яловичина грудинка;сире;18.42;19.06;0.56;0;0;69;usda:168664;
Яловичина ребра;сире;16.15;28.42;0.78;0;0;53;usda:172169;
Яловичина гомілка (осо-буко);сире;21.75;3.85;0;0;;63;usda:169441;
Яловичина фарш 80/20;сире;17.17;20;0;0;0;66;usda:174036;
Яловичина фарш 90/10;сире;20;10;0;0;0;66;usda:174030;
Яловичина язик;сире;14.9;16.09;3.68;0;;69;usda:170196;
Яловичина печінка;сире;20.36;3.63;3.89;0;0;69;usda:169451;
Яловичина серце;сире;17.72;3.94;0.14;0;0;98;usda:168625;
Телятина вирізка;сире;20.07;10.07;0.07;0;0;98;usda:173823;
Телятина лопатка;сире;19.27;5.28;0;0;0;91;usda:175277;
Свинина шия;сире;17.42;12.36;0;0;0;61;usda:167849;
Свинина вирізка;сире;20.65;3.53;0;0;0;52;usda:168312;
Свинина корейка на кістці;сире;20.28;11.04;0;0;0;56;usda:168242;
Свинина лопатка;сире;17.18;17.99;0;0;0;65;usda:167843;
Свинина ребра;сире;15.47;23.4;0;0;0;81;usda:167853;
Свинина грудинка сира;сире;9.34;53.01;0;0;0;32;usda:167812;
Свинина фарш;сире;16.88;21.19;0;0;;56;usda:167902;
Сало солоне;як продається;5.05;80.5;0;0;0;2684;usda:168287;
Сало сире;сире;2.92;88.69;0;0;0;11;usda:167811;
Свинина рулька;сире;18;18;0;0;0;70;estimate;
Свинина печінка;сире;21.39;3.65;2.47;0;;87;usda:167862;
Свинина ноги (холодець);сире;23.16;12.59;0;0;0;132;usda:167859;
Баранина нога;сире;17.91;17.07;0;0;;56;usda:174311;
Баранина лопатка;сире;16.58;21.45;0;0;0;61;usda:172496;
Баранина ребра;сире;14.52;34.39;0;0;;56;usda:174321;
Баранина фарш;сире;16.56;23.41;0;0;0;59;usda:174370;
Курка філе без шкіри;сире;22.5;2.62;0;0;0;45;usda:171077;
Курка грудка з шкірою на кістці;сире;20.85;9.25;0;0;0;63;usda:171474;
Курка стегно з шкірою;сире;16.52;16.61;0.25;0;0;81;usda:172385;
Курка стегно без шкіри без кістки;сире;18.61;7.92;0;;;62.33;usda:2646171;
Курка гомілка;сире;18.08;9.2;0.11;0;0;106;usda:172373;
Курка крила;сире;17.52;12.85;0;0;0;84;usda:172390;
Курка ціла;сире;18.6;15.06;0;0;0;70;usda:171447;
Курка печінка;сире;16.92;4.83;0.73;0;0;71;usda:171060;
Курка серця;сире;15.55;9.33;0.71;0;;74;usda:171458;
Курка шлуночки;сире;17.66;2.06;0;0;0;69;usda:171456;
Курка шкіра;сире;13.33;32.35;0;0;0;63;usda:171452;
Індичка філе грудки;сире;23.34;2.33;0;0;0;74;usda:174515;
Індичка стегно;сире;19.54;9.16;0;0;0;75;usda:171533;
Індичка гомілка;сире;19.96;6.84;0;0;0;86;usda:171134;
Індичка фарш;сире;19.66;7.66;0;0;0;58;usda:171505;
Качка грудка з шкірою;сире;17.9;29.4;0.1;0;0.1;54.4;ciqual:36206;
Качка ціла;сире;11.49;39.34;0;0;0;63;usda:172408;
Гуска ціла;сире;15.86;33.62;0;0;;73;usda:174470;
Кролик;сире;20.05;5.55;0;0;;41;usda:172521;
Перепілка;сире;19.63;12.05;0;0;;53;usda:172418;
Шинка варена;як продається;16.6;8.8;3.63;1.3;1;814;usda:173864;
Шинка сирокопчена (прошуто/хамон);як продається;27.8;8.32;0.3;0;0;2695;usda:2705879;
Ковбаса варена (докторська);як продається;15.3;19.87;0.73;0;0;907;usda:173856;
Ковбаса напівкопчена;як продається;12.07;26.56;1.98;0;0;848;usda:172954;
Ковбаса сирокопчена (салямі);як продається;21.07;31.65;0.72;0;0.26;1756;usda:174582;
Сервелат;як продається;17.45;30.43;3.33;0;0.85;1300;usda:172940;
Сосиски;як продається;12.81;23.68;0.28;0.1;0;816;usda:172964;
Сардельки;як продається;11.1;27.7;3.2;0;0;930;usda:173867;
Кабаноси;як продається;25;41;5.3;;1.9;3148;estimate;
Бекон;як продається;13.66;37.13;0;0;0.35;751;usda:168277;
Буженина;як продається;30.5;4.31;0.65;0;0;32.3;ciqual:28301;
Паштет печінковий;як продається;14.2;28;1.5;0;;697;usda:172930;
Ковбаса кровʼяна;як продається;14.6;34.5;1.29;0;1.29;680;usda:171618;
Ковбаса ліверна;як продається;14.1;28.5;2.2;0;;860;usda:173870;
Домашня ковбаса (свиняча);сире;13.9;24.26;2.97;0;1.19;563;usda:171631;
Балик;як продається;18;7;1.5;;1.5;1967;estimate;
Мʼясо в желе (холодець);як продається;13.83;10.9;0;0;0;941;usda:171630;
Пепероні;як продається;19.25;46.28;1.18;0;0;1582;usda:2706185;
Мортадела;як продається;16.37;25.39;3.05;0;0;1246;usda:174573;
Чорізо;як продається;23.5;36.1;1.24;0.93;1.24;1690;ciqual:30315;
Лосось фермерський;сире;20.42;13.42;0;0;0;59;usda:175167;
Лосось дикий;сире;19.84;6.34;0;0;;44;usda:173686;
Форель райдужна;сире;19.94;6.18;0;0;0;51;usda:173717;
Скумбрія;сире;18.6;13.89;0;0;0;90;usda:175119;
Оселедець свіжий;сире;17.96;9.04;0;0;0;90;usda:175116;
Оселедець солоний;як продається;18;9;0;0;0;1700;estimate;
Оселедець копчений;як продається;24.58;12.37;0;0;0;918;usda:173668;
Тунець свіжий;сире;23.33;4.9;0;0;0;39;usda:173706;
Тунець консервований у власному соку;як продається;19.44;0.96;0;0;0;247;usda:173709;
Тунець консервований в олії;як продається;29.13;8.21;0;0;0;416;usda:173708;
Сардина консервована в олії;як продається;24.62;11.45;0;0;0;307;usda:175139;
Шпроти;як продається;17;32;0;;0;680;estimate;
Хек;сире;17.6;1.35;0;0;0;98.6;ciqual:26044;
Минтай;сире;17.17;0.82;0;;;159;usda:173725;
Тріска;сире;17.81;0.67;0;0;0;54;usda:171955;
Пангасіус;готове;17.5;1;0;0;0;233;ciqual:27018;
Тилапія;сире;20.08;1.7;0;0;0;52;usda:175176;
Дорадо;сире;20.9;5.1;0;0;0;51.5;ciqual:26088;
Сібас;сире;18.43;2;0;0;0;68;usda:175142;
Короп;сире;17.83;5.6;0;0;0;49;usda:171952;
Судак;сире;18.3;1.08;1.06;0;0;57;ciqual:27024;
Щука;сире;19.26;0.69;0;0;0;39;usda:173680;
Окунь;сире;19.39;0.92;0;0;0;62;usda:173678;
Камбала;сире;12.41;1.93;0;0;0;296;usda:174196;
Палтус;сире;21.2;1.31;0;0;0;59;ciqual:26009;
Сом;сире;15.23;5.94;0;0;0;98;usda:175165;
Скумбрія копчена;як продається;19.8;22.9;0.92;0;0;616;ciqual:26087;
Лосось слабосолоний;як продається;22.2;10.5;0.13;0.26;0.13;1220;ciqual:26037;
Риба сушена (вобла/тарань);як продається;46;5;0;0;0;2500;estimate;
Ікра червона;як продається;30.8;10.5;5.16;1;;936;ciqual:26275;
Ікра чорна;як продається;24.6;17.9;4;0;0;1500;usda:174188;
Ікра тріски (консервована);як продається;29;4.2;0.1;0;;816;ciqual:26056;
Печінка тріски консервована;як продається;7.25;44.4;1;0;0;446;ciqual:26142;
Креветки;сире;20.1;0.51;0;;;119;usda:175179;
Креветки тигрові;сире;13.61;1.01;0.91;0;0;566;usda:174210;
Мідії;сире;11.9;2.24;3.69;0;0;286;usda:174216;
Кальмар;сире;15.58;1.38;3.08;0;0;44;usda:174223;
Восьминіг;сире;14.91;1.04;2.2;0;0;230;usda:174218;
Краб (мʼясо);сире;18.06;1.08;0.04;0;;293;usda:174204;
Крабові палички;як продається;7.62;0.46;15;0.5;6.25;529;usda:174203;
Гребінець;сире;12.06;0.49;3.18;0;0;392;usda:174220;
Устриці;сире;9.45;2.3;4.95;0;;106;usda:174219;
Морський коктейль заморожений;готове;13.5;1.57;2.83;0;0;402;ciqual:10080;
Водорості норі;сухе;30.2;1.77;11.7;36.8;0;1900;ciqual:20987;
Водорості вакаме;сухе;12.2;1.5;13.3;42.9;0.04;3650;ciqual:20999;
Яйце куряче ціле;сире;12.56;9.51;0.72;0;0.37;142;usda:171287;
Яєчний білок;сире;10.9;0.17;0.73;0;0.71;166;usda:172183;
Яєчний жовток;сире;15.86;26.54;3.59;0;0.56;48;usda:172184;
Яйце перепелине;сире;13.05;11.09;0.41;0;0.4;141;usda:172191;
Яйце качине;сире;12.81;13.77;1.45;0;0.93;146;usda:172189;
Молоко 0,5%;як продається;3.37;0.08;4.96;0;5.09;42;usda:171269;
Молоко 1,5%;як продається;3.13;1.54;4.9;0;4.81;31;ciqual:19042;
Молоко 2,5%;як продається;3.3;1.98;4.8;0;5.06;47;usda:171267;
Молоко 3,2%;як продається;3.15;3.25;4.8;0;5.05;43;usda:171265;
Молоко цільне 3,5–4%;як продається;3.39;3.55;4.77;0;4.64;37;ciqual:19023;
Молоко пряжене;як продається;3;4;4.7;0;4.7;50;estimate;
Кефір 1%;як продається;3.79;1.02;4.77;0;4.61;40;usda:170904;
Кефір 2,5%;як продається;3;2.5;4;0;4;50;estimate;
Кефір 3,2%;як продається;3.13;3.4;4.5;0;3.42;49;ciqual:19865;
Ряжанка 4%;як продається;2.7;4;4.1;;4.1;40;estimate;
Айран;як продається;2.5;2;2.9;;2.9;248;estimate;
Йогурт натуральний 1,5%;як продається;5.25;1.55;7.04;0;7.04;70;usda:170886;
Йогурт натуральний 3–4%;як продається;3.47;3.25;4.66;0;4.66;46;usda:171284;
Йогурт грецький 5–10%;як продається;2.96;8.16;3.73;0.07;3.11;32;ciqual:19860;
Йогурт питний солодкий;як продається;2.92;1.39;12.3;0.08;12.1;36.1;ciqual:19534;
Кисле молоко;як продається;3.31;3.2;1.99;;1.99;35;ciqual:19805;
Сироватка;як продається;0.85;0.36;5.14;0;5.14;54;usda:171282;
Сметана 10%;як продається;3.5;10.6;7.1;0;0.22;83;usda:173443;
Сметана 15%;як продається;7;14.1;7;0;0.3;70;usda:173442;
Сметана 20%;як продається;2.44;19.35;4.63;0;3.41;31;usda:171257;
Сметана 25–30%;як продається;2.4;30;3;0;3;40;estimate;
Вершки 10%;як продається;3.13;11.5;4.3;0;4.13;61;usda:171255;
Вершки 20%;як продається;2.96;19.1;3.66;0;3.67;72;usda:170857;
Вершки 33–35%;як продається;2.84;36.08;2.84;0;2.92;27;usda:170859;
Масло вершкове 72,5%;як продається;1;72.5;1.4;;;;estimate;
Масло 82%;як продається;0.85;81.11;0.06;0;0.06;11;usda:173430;
Масло топлене (гхі);як продається;0.28;99.48;0;0;0;2;usda:173412;
Маргарин;як продається;0.16;80.71;0.7;0;0;751;usda:172346;
Згущене молоко;як продається;7.91;8.7;54.4;0;54.4;127;usda:171275;
Сухе молоко;сухе;26.32;26.71;38.42;0;38.42;371;usda:173454;
Сир кисломолочний (творог) 0%;як продається;10.34;0.29;6.66;0;1.85;372;usda:172181;
Сир кисломолочний (творог) 5%;як продається;11.12;4.3;3.38;0;2.67;315;usda:172179;
Сир кисломолочний (творог) 9%;як продається;5.44;7.63;5.87;0.05;3.69;40.8;ciqual:19711;
Сир кисломолочний (творог) 18%;як продається;14;18;2.8;0;2.8;40;estimate;
Сирна маса солодка;як продається;10.5;16.5;24.5;;21.5;39;estimate;
Сирки глазуровані;як продається;10;28;30;;23;0.16;estimate;
Гауда;як продається;24.94;27.44;2.22;0;2.22;819;usda:171241;
Едам;як продається;24.99;28.57;1.43;0;0;973;usda:173419;
Чедер;як продається;23.3;34;2.44;;0.33;654;usda:328637;
Пармезан;як продається;30.14;29.5;4.33;;0.64;1046;usda:2259795;
Грана падано;як продається;33.2;28.5;1.17;0;0;538;ciqual:12123;
Пекоріно;як продається;31.8;26.94;3.63;0;0.73;1433;usda:171249;
Емменталь;як продається;27.3;28.8;0;0;0;245;ciqual:12115;
Грюєр;як продається;29.81;32.34;0.36;0;0.36;714;usda:171242;
Маасдам;як продається;25;28.4;0;0;0;517;ciqual:12741;
«Російський»/«голландський» (типу тільзитер);як продається;24.41;25.98;1.88;0;;753;usda:170852;
Проволоне;як продається;25.58;26.62;2.14;0;0.56;727;usda:170850;
Качокавало;як продається;25;24;0.5;;0.5;680;estimate;
Конте;як продається;27.2;33.8;0;0;0;403;ciqual:12110;
Моцарела;як продається;22.17;22.14;2.4;0;0;486;usda:170845;
Моцарела буфало;як продається;14.3;22.3;0.18;0.06;0;197;ciqual:19591;
Бурата;як продається;10;23;1.8;0;1.4;146;estimate;
Брі;як продається;20.75;27.68;0.45;0;0.45;629;usda:172177;
Камамбер;як продається;19.8;24.26;0.46;0;0.46;842;usda:172178;
Фета;як продається;14.21;21.49;3.88;0;0;1139;usda:173420;
Бринза;як продається;13.5;11.5;4.5;;4.5;1200;estimate;
Сулугуні;як продається;20.5;22;0.4;;0.4;983;estimate;
Адигейський;як продається;19;16;1.5;0;1.5;450;estimate;
Халумі;як продається;21;23;4;;2.5;1080;estimate;
Горгонзола/блакитний;як продається;21.4;28.74;2.34;0;0.5;1146;usda:172175;
Рокфор;як продається;21.54;30.64;2;0;;1809;usda:171250;
Дор блю;як продається;16.5;32.5;0.68;0.06;0.18;850;ciqual:12520;
Рікота;як продається;7.54;10.18;7.27;0;0.27;110;usda:170851;
Маскарпоне;як продається;5.88;37;3.1;;2.99;32.2;ciqual:19584;
Творожний вершковий сир (типу Філадельфія);як продається;6.15;34.44;5.52;0;3.76;314;usda:173418;
Сир плавлений;як продається;11;17.6;8.52;0.13;5.75;736;ciqual:12303;
Сир козячий свіжий;як продається;18.52;21.08;0;0;0;459;usda:173435;
Сир козячий витриманий;як продається;30.52;35.59;2.17;0;2.17;423;usda:172197;
Сир копчений (типу «косичка»);як продається;22;24;2;0;1;1400;estimate;
Панір;як продається;20;24;4;;4;9.6;estimate;
Тофу;як продається;9.04;4.17;2.85;0.9;0.6;12;usda:172448;
Сир вершковий для намазування;як продається;6.13;20.7;3.31;0;3.31;358;ciqual:12068;
Картопля;сире;2.05;0.09;17.49;2.1;0.82;6;usda:170026;
Картопля молода;сире;1.94;0.3;15.8;1.35;0.2;23;ciqual:4023;
Батат;сире;1.57;0.05;20.12;3;4.18;55;usda:168482;
Морква;сире;0.93;0.24;9.58;2.8;4.74;69;usda:170393;
Буряк;сире;1.61;0.17;9.56;2.8;6.76;78;usda:169145;
Редька;сире;1.1;0.1;2.63;1.4;;16;usda:170081;
Редис;сире;0.68;0.1;3.4;1.6;1.86;39;usda:169276;
Дайкон;сире;0.6;0.1;4.1;1.6;2.5;21;usda:168451;
Ріпа;сире;0.9;0.1;6.43;1.8;3.8;67;usda:170465;
Пастернак;сире;1.2;0.3;17.99;4.9;4.8;10;usda:170417;
Селера корінь;сире;1.5;0.3;9.2;1.8;1.6;100;usda:170400;
Петрушка корінь;сире;2.3;0.6;12.3;4.3;4.9;56;estimate;
Хрін;сире;5.25;0.45;7.79;7.5;;13;ciqual:11016;
Імбир;сире;1.82;0.75;17.77;2;1.7;13;usda:169231;
Цибуля ріпчаста;сире;1.1;0.1;9.34;1.7;4.24;4;usda:170000;
Цибуля червона;сире;0.94;0.1;9.93;2.2;5.76;1;usda:790577;
Цибуля біла;сире;0.89;0.13;7.68;1.2;5.76;2;usda:1104962;
Цибуля зелена;сире;1.83;0.19;7.34;2.6;2.33;16;usda:170005;
Порей;сире;1.5;0.3;14.15;1.8;3.9;20;usda:169246;
Шалот;сире;2.5;0.1;16.8;3.2;7.87;12;usda:170499;
Часник;сире;6.36;0.5;33.06;2.1;1;17;usda:169230;
Часник молодий;сире;3;0.3;7;2;1.5;15;estimate;
Капуста білокачанна;сире;1.28;0.1;5.8;2.5;3.2;18;usda:169975;
Капуста червонокачанна;сире;1.43;0.16;7.37;2.1;3.83;27;usda:169977;
Капуста пекінська;сире;1.2;0.2;3.23;1.2;1.41;9;usda:169979;
Капуста цвітна;сире;1.92;0.28;4.97;2;1.91;30;usda:169986;
Броколі;сире;2.82;0.37;6.64;2.6;1.7;33;usda:170379;
Капуста брюссельська;сире;3.38;0.3;8.95;3.8;2.2;25;usda:170383;
Кольрабі;сире;1.7;0.1;6.2;3.6;2.6;20;usda:168424;
Капуста савойська;сире;2;0.1;6.1;3.1;2.27;28;usda:170388;
Кейл;сире;2.92;1.49;4.42;4.1;0.99;53;usda:168421;
Квашена капуста;як продається;0.91;0.14;4.28;2.9;1.78;661;usda:169279;
Томат;сире;0.88;0.2;3.89;1.2;2.63;5;usda:170457;
Томат черрі;сире;0.9;0.2;3.9;1.2;2.6;5;estimate;
Томат сливка;сире;0.9;0.2;3.9;1.2;2.6;5;estimate;
Огірок;сире;0.65;0.11;3.63;0.5;1.67;2;usda:168409;
Огірок солоний;як продається;0.5;0.3;2.41;1;1.07;809;usda:168558;
Огірок малосольний;як продається;0.6;0.1;2.5;1;1.2;700;estimate;
Перець солодкий червоний;сире;0.99;0.3;6.03;2.1;4.2;4;usda:170108;
Перець жовтий;сире;1;0.21;6.32;0.9;;2;usda:169383;
Перець зелений;сире;0.86;0.17;4.64;1.7;2.4;3;usda:170427;
Перець чилі;сире;1.87;0.44;8.81;1.5;5.3;9;usda:170106;
Перець халапеньйо;сире;0.91;0.37;6.5;2.8;4.12;3;usda:168576;
Кабачок;сире;1.21;0.32;3.11;1;2.5;8;usda:169291;
Цукіні;сире;1.21;0.32;3.11;1;2.5;8;usda:169291;
Баклажан;сире;0.98;0.18;5.88;3;3.53;2;usda:169228;
Гарбуз;сире;1;0.1;6.5;0.5;2.76;1;usda:168448;
Патисон;сире;1.2;0.2;3.84;1.2;2.39;1;usda:169289;
Кукурудза свіжа;сире;3.27;1.35;18.7;2;6.26;15;usda:169998;
Кукурудза консервована;як продається;2.29;1.22;14.34;2;4.44;205;usda:169214;
Горошок зелений свіжий;сире;5.42;0.4;14.45;5.7;5.67;5;usda:170419;
Горошок консервований;як продається;4.33;0.95;11.82;;;231;usda:170015;
Стручкова квасоля;сире;1.83;0.22;6.97;2.7;3.26;6;usda:169961;
Окра;сире;1.93;0.19;7.45;3.2;1.48;7;usda:169260;
Артишок;сире;3.27;0.15;10.51;5.4;0.99;94;usda:169205;
Шпинат;сире;2.86;0.39;3.63;2.2;0.42;79;usda:168462;
Руккола;сире;2.58;0.66;3.65;1.6;2.05;27;usda:169387;
Салат латук;сире;1.35;0.22;2.23;1.1;0.94;5;usda:168429;
Салат айсберг;сире;0.9;0.14;2.97;1.2;1.97;10;usda:169248;
Салат ромен;сире;1.23;0.3;3.29;2.1;1.19;8;usda:169247;
Мангольд;сире;1.8;0.2;3.74;1.6;1.1;213;usda:169991;
Щавель;сире;1.89;0.65;1.6;1.8;1.54;4;ciqual:20111;
Крес-салат;сире;2.3;0.1;1.29;0.5;0.2;41;usda:170068;
Корн;сире;2;0.4;3.6;;;4;usda:169219;
Фризе;сире;1.25;0.2;3.35;3.1;0.25;22;usda:168412;
Радічіо;сире;1.43;0.25;4.48;0.9;0.6;22;usda:168564;
Селера стебло;сире;0.69;0.17;2.97;1.6;1.34;80;usda:169988;
Спаржа;сире;2.2;0.12;3.88;2.1;1.88;2;usda:168389;
Фенхель;сире;1.24;0.2;7.3;3.1;3.93;52;usda:169385;
Авокадо;сире;2;14.66;8.53;6.7;0.66;7;usda:171705;
Оливки зелені;як продається;1.03;15.32;3.84;3.3;0.54;1556;usda:169096;
Оливки чорні (каламата);як продається;0.84;10.9;6.04;1.6;0;735;usda:169094;
Каперси;як продається;2.36;0.86;4.89;3.2;0.41;2348;usda:172238;
Артишок консервований;як продається;2.9;0.4;9.6;4.8;1;330;estimate;
Топінамбур;сире;2;0.01;17.44;1.6;9.6;4;usda:169236;
Печериці;сире;3.09;0.34;3.26;1;1.98;5;usda:169251;
Гливи;сире;3.31;0.41;6.09;2.3;1.11;18;usda:168580;
Білі свіжі;сире;3.23;0.49;2;2.12;1.28;21;ciqual:20160;
Білі сушені;сухе;30;3;40;20;5;30;estimate;
Лисички;сире;1.49;0.53;6.86;3.8;1.16;9;usda:168422;
Опеньки;сире;2.2;1.2;0.5;2.5;0.2;5;estimate;
Шиітаке;сире;2.24;0.49;6.79;2.5;2.38;9;usda:169242;
Еноки;сире;2.66;0.29;7.81;2.7;0.22;3;usda:169382;
Портобело;сире;2.11;0.35;3.87;1.3;2.5;9;usda:169255;
Гриби мариновані;як продається;1.87;0.29;5.09;2.4;2.34;425;usda:169254;
Кріп;сире;3.46;1.12;7.02;2.1;;61;usda:172233;
Петрушка;сире;2.97;0.79;6.33;3.3;0.85;56;usda:170416;
Кінза;сире;2.13;0.52;3.67;2.8;0.87;46;usda:169997;
Базилік;сире;3.15;0.64;2.65;1.6;0.3;4;usda:172232;
Мʼята;сире;3.29;0.73;8.41;6.8;;30;usda:173475;
Розмарин;сире;3.31;5.86;20.7;14.1;;26;usda:173473;
Чебрець;сире;5.56;1.68;24.45;14;;9;usda:173470;
Орегано свіжий;сире;3;1;9;4;1;25;estimate;
Шавлія;сире;3.7;8;20.4;11;0;11;estimate;
Естрагон;сире;3;1;7;3;0;20;estimate;
Зелена цибуля;сире;1.83;0.19;7.34;2.6;2.33;16;usda:170005;
Черемша;сире;2.4;0.1;6.5;2.1;1;10;estimate;
Щавель (зелень);сире;1.89;0.65;1.6;1.8;1.54;4;ciqual:20111;
Шпинат бебі;сире;2.9;0.4;3.6;2.2;0.4;79;estimate;
Яблуко;сире;0.26;0.17;13.81;2.4;10.39;1;usda:171688;
Груша;сире;0.36;0.14;15.23;3.1;9.75;1;usda:169118;
Айва;сире;0.4;0.1;15.3;1.9;;4;usda:168163;
Банан;сире;1.09;0.33;22.84;2.6;12.23;1;usda:173944;
Апельсин;сире;0.94;0.12;11.75;2.4;9.35;0;usda:169097;
Мандарин;сире;0.81;0.31;13.34;1.8;10.58;2;usda:169105;
Грейпфрут;сире;0.63;0.1;8.08;1.1;6.98;0;usda:173033;
Лимон;сире;1.1;0.3;9.32;2.8;2.5;2;usda:167746;
Лайм;сире;0.7;0.2;10.54;2.8;1.69;2;usda:168155;
Помело;сире;0.76;0.04;9.62;1;;1;usda:167754;
Виноград білий;сире;0.72;0.16;18.1;0.9;15.48;2;usda:174683;
Виноград чорний;сире;0.63;0.35;17.15;0.9;16.25;2;usda:174682;
Полуниця;сире;0.67;0.3;7.68;2;4.89;1;usda:167762;
Малина;сире;1.2;0.65;11.94;6.5;4.42;1;usda:167755;
Ожина;сире;1.39;0.49;9.61;5.3;4.88;1;usda:173946;
Чорниця;сире;1.22;0.76;12.31;2.6;6.46;6;usda:167640;
Лохина;сире;0.74;0.33;14.49;2.4;9.96;1;usda:171711;
Смородина чорна;сире;1.4;0.41;15.38;;;2;usda:173963;
Смородина червона;сире;1.4;0.2;13.8;4.3;7.37;1;usda:173964;
Аґрус;сире;0.88;0.58;10.18;4.3;;1;usda:173030;
Журавлина;сире;0.46;0.13;11.97;3.6;4.27;2;usda:171722;
Брусниця;сире;0.7;0.5;11.5;3.7;8;3;estimate;
Обліпиха;сире;1.2;5.4;12.3;4.7;3;4;estimate;
Вишня;сире;1;0.3;12.18;1.6;8.49;3;usda:173954;
Черешня;сире;1.06;0.2;16.01;2.1;12.82;0;usda:171719;
Слива;сире;0.7;0.28;11.42;1.4;9.92;0;usda:169949;
Алича;сире;0.2;0.1;8;1.5;6.5;0;estimate;
Абрикос;сире;1.4;0.39;11.12;2;9.24;1;usda:171697;
Персик;сире;0.91;0.25;9.54;1.5;8.39;0;usda:169928;
Нектарин;сире;1.06;0.32;10.55;1.7;7.89;0;usda:169914;
Кавун;сире;0.61;0.15;7.55;0.4;6.2;1;usda:167765;
Диня;сире;0.84;0.19;8.16;0.9;7.86;16;usda:169092;
Ківі;сире;1.14;0.52;14.66;3;8.99;3;usda:168153;
Гранат;сире;1.67;1.17;18.7;4;13.67;3;usda:169134;
Інжир свіжий;сире;0.75;0.3;19.18;2.9;16.26;1;usda:173021;
Хурма;сире;0.58;0.19;18.59;3.6;12.53;1;usda:169941;
Манго;сире;0.82;0.38;14.98;1.6;13.66;1;usda:169910;
Ананас;сире;0.54;0.12;13.12;1.4;9.85;1;usda:169124;
Папая;сире;0.47;0.26;10.82;1.7;7.82;8;usda:169926;
Маракуя;сире;2.2;0.7;23.38;10.4;11.2;28;usda:169108;
Кокос (мʼякоть);сире;3.33;33.49;15.23;9;6.23;20;usda:170169;
Кокосова стружка;сухе;6.88;64.53;23.65;16.3;7.35;37;usda:170170;
Родзинки;сухе;3.3;0.25;79.32;4.5;65.18;26;usda:168165;
Курага;сухе;3.39;0.51;62.64;7.3;53.44;10;usda:173941;
Чорнослив;сухе;2.18;0.38;63.88;7.1;38.13;2;usda:168162;
Фініки;сухе;2.45;0.39;75.03;8;63.35;2;usda:171726;
Інжир сушений;сухе;3.3;0.93;63.87;9.8;47.92;10;usda:174665;
Яблука сушені;сухе;0.93;0.32;65.89;8.7;57.19;87;usda:171691;
Груша сушена;сухе;1.87;0.63;69.7;7.5;62.2;6;usda:169121;
Журавлина сушена;сухе;0.17;1.09;82.8;5.3;72.56;5;usda:171723;
Банан сушений;сухе;3.89;1.81;88.28;9.9;47.3;3;usda:173945;
Цукати;як продається;0.25;0.06;72.4;3.3;62.9;56;ciqual:31027;
Волоський горіх;сире;15.23;65.21;13.71;6.7;2.61;2;usda:170187;
Мигдаль;сире;21.15;49.93;21.55;12.5;4.35;1;usda:170567;
Фундук;сире;14.95;60.75;16.7;9.7;4.34;0;usda:170581;
Кешью;сире;18.22;43.85;30.19;3.3;5.91;12;usda:170162;
Арахіс сирий;сире;25.8;49.24;16.13;8.5;4.72;18;usda:172430;
Арахіс смажений солоний;сире;25.8;49.24;16.13;8.5;4.72;18;usda:172430;
Фісташки;сире;20.16;45.32;27.17;10.6;7.66;1;usda:170184;
Кедровий горіх;сухе;13.69;68.37;13.08;3.7;3.59;2;usda:170591;
Бразильський горіх;сухе;14.32;67.1;11.74;7.5;2.33;3;usda:170569;
Пекан;сире;9.17;71.97;13.86;9.6;3.97;0;usda:170182;
Макадамія;сире;7.91;75.77;13.82;8.6;4.57;5;usda:170178;
Насіння соняшника;сухе;20.78;51.46;20;8.6;2.62;9;usda:170562;
Насіння гарбуза;сухе;30.23;49.05;10.71;6;1.4;7;usda:170556;
Кунжут;сухе;17.73;49.67;23.45;11.8;0.3;11;usda:170150;
Насіння льону;сухе;18.29;42.16;28.88;27.3;1.55;30;usda:169414;
Чіа;сухе;16.54;30.74;42.12;34.4;;16;usda:170554;
Мак;сухе;17.99;41.56;28.13;19.5;2.99;26;usda:171330;
Арахісова паста;як продається;22.21;51.36;22.31;5;10.49;426;usda:174266;
Тахіні;як продається;17;53.76;21.19;9.3;0.49;115;usda:170189;
Мигдальна паста;як продається;20.96;55.5;18.82;10.3;6.27;227;usda:168603;
Квасоля біла суха;сухе;23.36;0.85;60.27;15.2;2.11;16;usda:175202;
Квасоля червона суха;сухе;22.53;1.06;61.29;15.2;2.1;12;usda:173744;
Квасоля червона консервована;як продається;7.98;1.05;21.49;5.5;3.8;231;usda:174285;
Квасоля біла консервована;як продається;7.26;0.29;21.2;4.8;0.29;340;usda:175204;
Квасоля чорна;сухе;21.6;1.42;62.36;15.5;2.12;5;usda:173734;
Сочевиця червона суха;сухе;23.91;2.17;63.1;10.8;;7;usda:174284;
Сочевиця зелена суха;сухе;24.63;1.06;63.35;10.7;2.03;6;usda:172420;
Нут сухий;сухе;20.47;6.04;62.95;12.2;10.7;24;usda:173756;
Нут консервований;як продається;7.05;2.77;22.53;6.4;4.01;246;usda:173800;
Горох сухий колотий;сухе;23.12;3.89;61.63;22.2;3.14;5;usda:172428;
Маш;сухе;23.86;1.15;62.62;16.3;6.6;15;usda:174256;
Соя суха;сухе;36.49;19.94;30.16;9.3;7.33;2;usda:174270;
Едамаме;сире;11.22;4.73;7.61;4.8;2.48;6;usda:168410;
Тофу твердий;як продається;9.98;5.26;1.18;1;0.71;4;usda:174290;
Тофу шовковий;як продається;4.8;2.7;2.9;0.1;1.31;5;usda:174292;
Темпе;як продається;20.29;10.8;7.64;;;9;usda:174272;
Хумус (готовий);як продається;7.78;17.82;15;5.5;0.62;426;usda:174289;
Рис білий довгозернистий;сухе;7.13;0.66;79.95;1.3;0.12;5;usda:169756;
Рис круглозернистий;сухе;6.5;0.52;79.15;;;1;usda:168931;
Басматі;сухе;7.13;0.66;79.95;1.3;0.12;5;usda:169756;
Жасмин;сухе;7;0.7;80;1;0.1;5;estimate;
Рис бурий;сухе;7.54;3.2;76.25;3.6;0.66;5;usda:169703;
Рис дикий;сухе;14.73;1.08;74.9;6.2;2.5;7;usda:169726;
Рис арборіо;сухе;6.9;1.3;77;1.9;0.3;0;estimate;
Гречка ядриця;сухе;11.73;2.71;74.95;10.3;;11;usda:170685;
Гречка зелена;сухе;13.25;3.4;71.5;10;;1;usda:170286;
Вівсянка пластівці;сухе;13.15;6.52;67.7;10.1;0.99;6;usda:173904;
Вівсяна крупа;сухе;12.51;5.8;69.75;;;0.31;usda:2346397;
Булгур;сухе;12.29;1.33;75.87;12.5;0.41;17;usda:170688;
Кускус;сухе;12.76;0.64;77.43;5;;10;usda:169699;
Кіноа;сухе;14.12;6.07;64.16;7;;5;usda:168874;
Пшоно;сухе;11.02;4.22;72.85;8.5;;5;usda:169702;
Перловка;сухе;9.91;1.16;77.72;15.6;0.8;9;usda:170284;
Ячна крупа;сухе;12.48;2.3;73.48;17.3;0.8;12;usda:170283;
Манка;сухе;13.33;1.84;71.99;3.68;;0.43;usda:2003589;
Кукурудзяна крупа (полента);сухе;7.11;1.75;79.45;3.9;1.61;7;usda:168929;
Пшенична крупа;сухе;13;0.7;72;;1.8;16;estimate;
Амарант;сухе;13.56;7.02;65.25;6.7;1.69;4;usda:170682;
Спельта;сухе;14.57;2.43;70.19;10.7;6.82;8;usda:169745;
Вівсяні висівки;сухе;17.3;7.03;66.22;15.4;1.45;4;usda:168872;
Пшеничні висівки;сухе;15.55;4.25;64.51;42.8;0.41;2;usda:169722;
Мюслі;сухе;8.87;14.3;63.4;6.9;19.4;171;ciqual:32004;
Гранола;сухе;10.55;11.62;73.65;10.2;20.34;50;usda:173892;
Кукурудзяні пластівці;сухе;5.9;0.91;88.01;2.7;7.84;571;usda:174648;
Борошно пшеничне вищого сорту;сухе;10.33;0.98;76.31;2.7;0.27;2;usda:169761;
Борошно цільнозернове;сухе;13.21;2.5;71.97;10.7;0.41;2;usda:168893;
Борошно житнє;сухе;10.88;1.52;75.43;11.8;1.1;2;usda:168886;
Борошно кукурудзяне;сухе;6.93;3.86;76.85;7.3;0.64;5;usda:170290;
Борошно гречане;сухе;12.62;3.1;70.59;10;2.6;11;usda:170687;
Борошно вівсяне;сухе;13.17;6.31;69.92;10.5;;3.62;usda:2261421;
Борошно рисове;сухе;5.95;1.42;80.13;2.4;0.12;0;usda:169714;
Борошно мигдальне;сухе;26.24;50.23;16.25;9.27;;0.89;usda:2261420;
Борошно кокосове;сухе;16.14;15.28;58.9;34.24;;46.94;usda:2515382;
Крохмаль картопляний;сухе;0;0.2;86.3;0.55;;3.75;ciqual:4090;
Крохмаль кукурудзяний;сухе;0.26;0.05;91.27;0.9;0;9;usda:169698;
Дріжджі сухі;сухе;40.44;7.61;41.22;26.9;0;51;usda:175043;
Дріжджі пресовані;як продається;8.4;1.9;18.1;8.1;0;30;usda:175042;
Розпушувач;сухе;0.1;0;24.1;0.2;0;7893;usda:172804;
Панірувальні сухарі;сухе;13.35;5.3;71.98;4.5;6.2;732;usda:174928;
Паста суха з твердих сортів;сухе;13.04;1.51;74.67;3.2;2.67;6;usda:168927;
Паста яєчна суха;сухе;14.16;4.44;71.27;3.3;1.88;21;usda:169755;
Паста цільнозернова;сухе;13.87;2.93;73.37;9.2;2.74;6;usda:169738;
Паста свіжа;як продається;11.31;2.3;54.73;;;26;usda:169727;
Локшина рисова;сухе;5.95;0.56;80.18;1.6;0.12;182;usda:169742;
Локшина гречана (соба);сухе;14.38;0.71;74.62;;;792;usda:168906;
Локшина яєчна;сухе;14.16;4.44;71.27;3.3;1.88;21;usda:169755;
Локшина швидкого приготування;сухе;10.17;17.59;60.26;2.9;1.98;1855;usda:171177;
Вермішель;сухе;13.04;1.51;74.67;3.2;2.67;6;usda:168927;
Равіолі свіжі;як продається;11.3;7.69;37.3;2.23;3.83;458;ciqual:25181;
Ньоккі;готове;5.01;2.05;34.1;1.75;1.1;402;ciqual:25510;
Пельмені заморожені (напівфабрикат);як продається;7.6;8.8;22.1;1.8;0.19;950;estimate;
Вареники з картоплею заморожені;як продається;6.1;3.2;37;;1.8;250;estimate;
Вареники з сиром заморожені;як продається;9;6;31;1.5;2;350;estimate;
Хліб пшеничний;як продається;8.85;3.33;49.42;2.7;5.67;490;usda:174924;
Хліб житній;як продається;8.5;3.3;48.3;5.8;3.85;603;usda:172684;
Хліб житньо-пшеничний (типу «Український»);як продається;9.06;1;51.5;4.5;2.4;450;ciqual:7125;
Хліб бородінський;як продається;7.1;1;51.2;;;;estimate;
Хліб цільнозерновий;як продається;12.45;3.5;42.71;6;4.34;455;usda:172688;
Хліб тостовий;як продається;9.43;3.59;49.2;2.3;5.34;477;usda:325871;
Багет;як продається;9.06;1.4;58.3;2.7;2.3;500;ciqual:7001;
Чіабата;як продається;9.5;1.5;41.5;5.67;5.83;458.33;estimate;
Лаваш тонкий;як продається;8.6;3.2;59;2.9;1.3;840;estimate;
Лаваш товстий (піта);як продається;9.1;1.2;55.7;2.2;;536;usda:172816;
Тортилья пшенична;як продається;8.01;7.58;49.27;2.4;2.66;742;usda:167535;
Тортилья кукурудзяна;як продається;5.7;2.85;44.64;6.3;0.88;45;usda:175036;
Булочка для бургера;як продається;9.77;3.91;50.12;1.8;7.28;494;usda:172796;
Круасан;як продається;8.2;21;45.8;2.6;11.26;384;usda:174987;
Хлібці житні;як продається;7.9;1.3;82.2;16.5;1.07;410;usda:172739;
Хлібці рисові;як продається;8.2;2.8;81.5;4.2;0.88;26;usda:170250;
Крекер;як продається;9.46;8.64;74.05;2.8;1.29;941;usda:172746;
Сухарі;як продається;13.5;7.2;72.3;;;253;usda:174981;
Грінки;як продається;11.9;6.6;73.5;5.1;;698;usda:172751;
Тісто листкове;як продається;7.3;38.1;45.1;1.5;0.74;249;usda:172790;
Тісто дріжджове;як продається;7;5;45;2;3;350;estimate;
Тісто філо;як продається;7.1;6;52.6;1.9;0.18;483;usda:172791;
Коржі для піци;готове;8.5;7.1;54.6;2.5;3.3;681;ciqual:96778;
Олія соняшникова;як продається;0;100;0;0;0;0;usda:171025;
Олія соняшникова нерафінована;як продається;0;99.9;0;0;0;;estimate;
Олія оливкова extra virgin;як продається;0.25;99.9;0;0;0;;ciqual:17270;
Олія оливкова рафінована;як продається;0;100;0;0;0;2;usda:171413;
Олія ріпакова;як продається;0;100;0;0;0;0;usda:172336;
Олія кукурудзяна;як продається;0;100;0;0;0;0;usda:171029;
Олія лляна;як продається;0.11;99.98;0;0;0;0;usda:167702;
Олія кунжутна;як продається;0;100;0;0;0;0;usda:171016;
Олія кокосова;як продається;0;99.06;0;0;0;0;usda:171412;
Олія авокадо;як продається;0;100;0;0;;0;usda:173573;
Олія гарбузова;як продається;0;92;0;0;0;0;estimate;
Смалець;як продається;0;100;0;0;0;0;usda:171401;
Жир яловичий;як продається;0;100;0;0;0;0;usda:171400;
Качиний жир;як продається;0;99.8;0;0;0;0;ciqual:16550;
Томатна паста;як продається;4.32;0.47;18.91;4.1;12.18;59;usda:170459;
Томати консервовані у власному соку;як продається;0.79;0.25;3.47;1.9;2.55;115;usda:170051;
Пасата;як продається;1.65;0.21;8.98;1.9;4.83;202;usda:170546;
Кетчуп;як продається;1.04;0.1;27.4;0.3;21.27;907;usda:168556;
Майонез;як продається;0.96;74.85;0.57;0;0.57;635;usda:171009;
Майонез легкий;як продається;0.37;22.22;9.23;0;3.56;827;usda:173594;
Гірчиця;як продається;3.74;3.34;5.83;4;0.92;1104;usda:172234;
Гірчиця діжонська;як продається;7.2;11.5;3.2;2.1;2.7;2600;estimate;
Соєвий соус;як продається;8.14;0.57;4.93;0.8;0.4;5493;usda:174277;
Устричний соус;як продається;1.35;0.25;10.92;0.3;0;2733;usda:174529;
Рибний соус;як продається;5.06;0.01;3.64;0;3.64;7851;usda:174531;
Теріякі;як продається;5.93;0.02;15.56;0.1;14.1;3833;usda:171167;
Песто;як продається;5;42.42;6.14;1.7;1.92;998;usda:171580;
Соус барбекю;як продається;0.82;0.63;40.77;0.9;33.24;1027;usda:174523;
Соус табаско;як продається;0.51;0.37;1.75;0.3;1.26;2643;usda:174527;
Соус шрірача;як продається;1.93;0.93;19.16;2.2;15.11;2124;usda:171186;
Аджика;як продається;1.7;3.2;10.7;;7.7;343.2;estimate;
Хрін столовий;як продається;1.18;0.69;11.29;3.3;7.99;420;usda:173472;
Оцет яблучний;як продається;0;0;0.93;0;0.4;5;usda:173469;
Оцет винний;як продається;0.04;0;0.27;0;0;8;usda:172240;
Оцет бальзамічний;як продається;0.49;0;17.03;;14.95;23;usda:172241;
Оцет рисовий;як продається;0.5;0.5;0.5;0;0;4;estimate;
Лимонний сік;сире;0.35;0.24;6.9;0.3;2.52;1;usda:167747;
Соус сальса;як продається;1.52;0.17;6.64;1.9;4.01;711;usda:174524;
Соус ранч;як продається;1.32;44.54;5.9;0;4.69;901;usda:173592;
Соус цезар;як продається;2.17;57.85;3.3;0.5;2.81;1209;usda:169055;
Кокосове молоко;як продається;2.29;23.84;5.54;2.2;3.34;15;usda:170172;
Кокосові вершки;як продається;3.63;34.68;6.65;2.2;;4;usda:170580;
Вершковий соус бешамель (готовий);як продається;2.56;7.4;6.2;1.3;3.1;274;ciqual:11101;
Бульйон курячий рідкий;як продається;0.64;0.21;0.44;0;0.43;371;usda:174536;
Бульйон яловичий;як продається;1.14;0.22;0.04;0;0;372;usda:171538;
Бульйонний кубик;сухе;16.66;13.88;18.01;0;17.36;23875;usda:171562;
Місо паста;як продається;12.79;6.01;25.37;5.4;6.2;3728;usda:172442;
Каррі паста;як продається;2.28;12;12;;6;912;estimate;
Васабі;як продається;2.23;10.9;46.13;6.1;13.2;3390;usda:171831;
Гочуджанг;як продається;5;2.2;42.2;2.7;25.2;2640;estimate;
Цукор;як продається;0;0;99.98;0;99.8;1;usda:169655;
Сіль;як продається;0;0;0;0;0;38758;usda:173468;
Консервований горошок;як продається;4.33;0.95;11.82;;;231;usda:170015;
Консервована кукурудза;як продається;2.29;1.22;14.34;2;4.44;205;usda:169214;
Квасоля в томаті;як продається;4.75;0.37;21.14;4.1;7.96;343;usda:175182;
Огірки мариновані;як продається;0.33;0.2;2.26;1.2;1.06;1208;usda:169379;
Томати мариновані;як продається;1;0.2;5;1.2;3;700;estimate;
Лечо;як продається;1.5;0;12.5;;;;estimate;
Ікра кабачкова;як продається;2;5;7;;5.5;511;estimate;
Оливки консервовані;як продається;0.84;10.9;6.04;1.6;0;735;usda:169094;
Гриби мариновані (консерви);як продається;1.87;0.29;5.09;2.4;2.34;425;usda:169254;
Ананас консервований;як продається;0.51;0.11;15.56;1.3;14.26;1;usda:167767;
Персик консервований;як продається;0.63;0.03;11.57;1.3;10.27;4;usda:169930;
Тунець в олії (консерви);як продається;29.13;8.21;0;0;0;416;usda:173708;
Сардина (консерви);як продається;24.62;11.45;0;0;0;307;usda:175139;
Шпроти (консерви);як продається;17;32;0;;0;680;estimate;
Печінка тріски (консерви);як продається;7.25;44.4;1;0;0;446;ciqual:26142;
Тушонка свиняча;як продається;16;25;1;0;0;700;estimate;
Тушонка яловича;як продається;18;17;1;0;0;700;estimate;
Паштет мʼясний консервований;як продається;14.2;28;1.5;0;;697;usda:172930;
Кукурудза бебі;як продається;1.9;0.4;8.2;2.8;3;300;estimate;
Каперси (консерви);як продається;2.36;0.86;4.89;3.2;0.41;2348;usda:172238;
Артишоки в олії;як продається;1.7;11;1.1;;0.9;920;estimate;
Вʼялені томати в олії;як продається;5.06;14.08;23.33;5.8;;266;usda:169384;
Перець печений в олії;як продається;0;5.36;7.14;3.6;3.57;300;estimate;
Цукор білий;як продається;0;0;99.98;0;99.8;1;usda:169655;
Цукор коричневий;як продається;0.12;0;98.09;0;97.02;28;usda:168833;
Цукрова пудра;як продається;0;0;99.77;0;97.81;2;usda:169656;
Мед;як продається;0.3;0;82.4;0.2;82.12;4;usda:169640;
Кленовий сироп;як продається;0.04;0.06;67.04;0;60.46;12;usda:169661;
Сироп агави;як продається;0.09;0.45;76.37;0.2;68.03;4;usda:170277;
Варення;як продається;0.37;0.07;68.86;1.1;48.5;32;usda:169641;
Джем;як продається;0.37;0.07;68.86;1.1;48.5;32;usda:169641;
Повидло;як продається;0.39;0.3;42.47;1.5;35.3;15;usda:168816;
Шоколад чорний 70–85%;як продається;7.79;42.63;45.9;10.9;23.99;20;usda:170273;
Шоколад молочний;як продається;7.65;29.66;59.4;3.4;51.5;79;usda:167587;
Шоколад білий;як продається;5.87;32.09;59.24;0.2;59;90;usda:167571;
Какао-порошок;сухе;19.6;13.7;57.9;37;1.75;21;usda:169593;
Какао-масло;як продається;0;100;0;0;0;0;usda:171421;
Згущене молоко варене;як продається;6.84;7.35;55.35;0;49.74;129;usda:173461;
Нутела/горіхова паста;як продається;6.3;30.9;57.5;3.4;56.3;42.8;estimate;
Зефір;як продається;0.8;0;76.6;;69.7;;estimate;
Мармелад;як продається;1.69;1.8;76.6;3.9;69.2;31;ciqual:31014;
Пастила;як продається;0.6;0;76.4;;75.4;;estimate;
Халва;як продається;10.2;37.1;41.4;;26.8;0;estimate;
Козинаки;як продається;12;30;52;6;35;150;estimate;
Печиво пісочне;як продається;5.37;26.22;63.78;1.3;21.65;353;usda:174967;
Печиво вівсяне;як продається;6.2;18.1;68.7;2.8;24.66;520;usda:172725;
Галети;як продається;7.78;13.3;73.4;2.54;22;462;ciqual:24015;
Крекери солодкі;як продається;7;16;68;2.5;22;500;estimate;
Вафлі;як продається;6.51;9.7;80;2.05;34.6;257;ciqual:24300;
Пряники;як продається;3.14;1.15;71.8;3.78;40.8;189;ciqual:23200;
Кекс;як продається;5;13.96;53.64;0.6;33.36;377;usda:172704;
Бісквіт;як продається;5.4;2.7;61;0.5;36.66;623;usda:172706;
Торт (типовий бісквітний з кремом);як продається;5;18;45;1;30;250;estimate;
Чізкейк;як продається;5.5;22.5;25.5;0.4;21.8;438;usda:172711;
Тірамісу;як продається;4.25;9.8;30.2;1.2;19.5;77;ciqual:19698;
Панкейки;готове;6.4;9.7;28.3;;;439;usda:175009;
Сирники;як продається;15.93;8.43;17.94;;;;estimate;
Млинці;готове;8.85;11.29;22.02;0.6;4.48;278;usda:2708342;
Желатин;сухе;85.6;0.1;0;0;0;196;usda:169599;
Перець чорний мелений;сухе;10.39;3.26;63.95;25.3;0.64;20;usda:170931;
Перець духмяний;сухе;6.09;8.69;72.12;21.6;;77;usda:171315;
Паприка мелена;сухе;14.14;12.89;53.99;34.9;10.34;68;usda:171329;
Паприка копчена;сухе;14;13;55;35;10;70;estimate;
Куркума;сухе;9.68;3.25;67.14;22.7;3.21;27;usda:172231;
Кмин;сухе;17.81;22.27;44.24;10.5;2.25;168;usda:170923;
Коріандр мелений;сухе;12.37;17.77;54.99;41.9;;35;usda:170922;
Кориця;сухе;3.99;1.24;80.59;53.1;2.17;10;usda:171320;
Мускатний горіх;сухе;5.84;36.31;49.29;20.8;2.99;16;usda:171326;
Гвоздика;сухе;5.97;13;65.53;33.9;2.38;277;usda:171321;
Лавровий лист;сухе;7.61;8.36;74.97;26.3;;23;usda:170917;
Орегано сушений;сухе;9;4.28;68.92;42.5;4.09;25;usda:171328;
Базилік сушений;сухе;22.98;4.07;47.75;37.7;1.71;76;usda:171317;
Чебрець сушений;сухе;9.11;7.43;63.94;37;1.71;55;usda:170938;
Розмарин сушений;сухе;4.88;15.22;64.06;42.6;;50;usda:171333;
Кріп сушений;сухе;19.96;4.36;55.82;13.6;;208;usda:171322;
Сушений часник;сухе;16.55;0.73;72.73;9;2.43;60;usda:171325;
Сушена цибуля;сухе;10.41;1.04;79.12;15.2;6.63;73;usda:171327;
Чилі мелений;сухе;13.46;14.28;49.7;34.8;7.19;2867;usda:171319;
Каррі порошок;сухе;14.29;14.01;55.83;53.2;2.76;52;usda:170924;
Суміш хмелі-сунелі;сухе;10;8;45;25;4;100;estimate;
Ваніль/ванільний цукор;сухе;0.1;0.33;98.6;0.37;97.2;3;ciqual:31044;
Сода;сухе;0;0;0;0;0;27360;usda:175040;
Лимонна кислота;сухе;0;0;0;0;0;0;estimate;
Вода;як продається;0;0;0;0;0;2;usda:174158;
Кава еспресо;готове;0.12;0.18;1.67;0;0;14;usda:171891;
Кава з молоком (капучино);готове;1.71;0.99;2.75;0;2.46;23;usda:2710472;
Чай чорний без цукру;готове;0;0;0.3;0;0;3;usda:173227;
Чай зелений;готове;0.22;0;0;0;0;1;usda:171917;
Какао з молоком;готове;1.82;1.04;13.9;0.2;12;66;usda:2705472;
Сік апельсиновий;як продається;0.7;0.2;10.4;0.2;8.4;1;usda:169098;
Сік яблучний;як продається;0.1;0.13;11.3;0.2;9.62;4;usda:173933;
Сік томатний;як продається;0.85;0.29;3.53;0.4;2.58;253;usda:170458;
Сік мультифрукт;як продається;0.5;0.1;11.5;0.3;10;5;estimate;
Компот;готове;0.2;0.1;10;0.5;9;5;estimate;
Узвар;готове;0.3;0.1;12;0.8;10;5;estimate;
Квас;як продається;0;0;7.4;;5.9;0;estimate;
Кола;як продається;0;0.25;10.36;0;9.94;3;usda:174852;
Лимонад;як продається;0;0;8.24;0.14;8.22;5.72;ciqual:18010;
Енергетик;як продається;0.46;0;10.23;0;10.22;39;usda:173210;
Молоко вівсяне;як продається;0.25;1.1;7.78;;5;26.4;ciqual:18899;
Молоко мигдальне;як продається;0.55;1.22;0.34;0;0;59.58;usda:1750338;
Молоко соєве;як продається;3.27;1.75;6.28;0.6;3.99;51;usda:172446;
Молоко кокосове (напій);як продається;0.25;2.1;2.75;;2.46;35.6;ciqual:18907;
Протеїновий коктейль (порошок);сухе;78.13;1.56;6.25;3.1;0;156;usda:173180;
Вино сухе червоне;як продається;0.07;0;2.61;0;0.62;4;usda:173190;10.6
Вино сухе біле;як продається;0.07;0;2.6;0;0.96;5;usda:174837;10.3
Вино напівсолодке;як продається;0;0;5;0;5;0;estimate;
Шампанське/ігристе;як продається;0.3;0;1.4;0;1.4;1.93;ciqual:5207;9.56
Пиво світле;як продається;0.46;0;3.55;0;0;4;usda:168746;3.9
Пиво темне;як продається;0.43;0;4.1;0;4.1;11.6;ciqual:5000;3.91
Сидр;;;;;;;;estimate;
Горілка;як продається;0;0;0;0;0;1;ciqual:1008;33.22
Віскі;як продається;0;0;0.1;0;0.1;0;ciqual:1005;33.22
Коньяк;як продається;0;0;0.76;0;0;0.75;ciqual:1023;33.22
Лікер;як продається;0.1;0.23;25.4;0;17.4;8;ciqual:1003;18.26
Вермут;як продається;0.05;0;11.3;0;11.1;15;ciqual:1007;11.84
Борщ;готове;0.52;0.37;3.9;0.8;2.24;245;usda:2710105;
Суп курячий з локшиною;готове;3.84;1.4;6.21;0.7;0.81;248;usda:2709149;
Суп гороховий;готове;3.55;0.7;10.59;3.8;2.16;244;usda:2707459;
Окрошка;готове;3;3;5;1;2.5;350;estimate;
Олівʼє;готове;5;15;10;2;2;500;estimate;
Вінегрет;готове;1.5;7;10;2.5;4;400;estimate;
Салат цезар;готове;4;3.41;7.49;1.8;1.23;238;usda:2709591;
Грецький салат;готове;2.75;2.26;4.35;1.5;1.43;246;usda:2709830;
Котлета куряча;готове;20.83;18.75;2.59;0.2;0.49;575;usda:2706545;
Котлета свиняча;готове;17;20;8;1;1;500;estimate;
Голубці;готове;8.3;5.06;8.83;1.3;3.45;338;usda:2706620;
Деруни;готове;4.47;10.8;20.64;2.2;1.11;402;usda:2709552;
Плов;готове;3.29;3.03;24.08;0.4;0.48;414;usda:2709077;
Паста болоньєзе;готове;5.58;3.39;15.06;1.5;2.88;295;usda:2709142;
Паста карбонара;готове;5.91;8.7;14.2;1.18;1.79;347;ciqual:25135;
Лазанья;готове;7.45;4.97;16.17;1.6;3.33;390;usda:2708750;
Піца маргарита;готове;11.39;9.69;33.33;2.3;3.58;540;usda:2708616;
Бургер;готове;17.87;16.15;18.71;0.6;2.98;438;usda:2706897;
Картопля фрі;готове;3.43;14.73;41.44;3.8;0.3;210;usda:2709461;
Картопляне пюре;готове;2.15;4.07;17.6;1.2;2.13;210;usda:2709496;
Картопля печена;готове;2.5;0.13;21.15;2.2;1.18;10;usda:170093;
Рис відварений;готове;2.69;0.28;28.17;0.4;0.05;1;usda:169757;
Гречка відварена;готове;3.38;0.62;19.94;2.7;0.9;4;usda:170686;
Макарони відварені;готове;5.8;0.93;30.86;1.8;0.56;1;usda:168928;
Яєчня;готове;13.61;14.84;0.83;0;0.4;207;usda:173423;
Омлет;готове;10.57;11.66;0.64;0;0.31;155;usda:172185;
Вівсянка на молоці;готове;5.56;3.25;16.23;1.7;5.08;105;usda:2708383;
Сирники (страва);готове;15;10;18;1;8;250;estimate;
Вареники з картоплею відварені;готове;5.26;6.14;29.64;0.9;1.75;474;usda:2708720;
Пельмені відварені;готове;11;11;25;1.2;1;550;estimate;
Курка запечена;готове;29.8;7.78;0;0;0;71;usda:171075;
Риба запечена;готове;22.83;0.86;0;0;0;78;usda:171956;
Шашлик свинячий;готове;24;18;2;0;1;450;estimate;
Суші (нігірі лосось);готове;8.92;1.74;13.39;0.6;0.8;317;usda:2708969;
Рол каліфорнія;готове;2.92;0.67;18.39;1;2.13;428;usda:2708961;
Шаурма;готове;11.24;6.76;18.78;1;1.74;323;usda:2706962;
Хот-дог;готове;10.85;17.37;23.73;0.8;3.92;681;usda:2707056;
Млинці з сиром;готове;9;9;25;1;8;350;estimate;
Чебурек;готове;10;20;30;2;2;500;estimate;
Самса;готове;5.14;17.47;33.16;1.8;1.28;388;usda:2708730;
